{                 
    "emp": [
                  {
                    "id": 100,
                    "name": "Leanne Graham",
                    "username": "Bret",
                    "email": "Sincere@april.biz",
                    "address": {
                      "street": "Kulas Light",
                      "suite": "Apt. 556",
                      "city": "Gwenborough",
                      "zipcode": "92998-3874"
                    },
                    "phone": "1-770-736-8031 x56442"
                  },
                  {
                    "id": 200,
                    "name": "Ervin Howell",
                    "username": "Antonette",
                    "email": "Shanna@melissa.tv",
                    "address": {
                      "street": "Victor Plains",
                      "suite": "Suite 879",
                      "city": "Wisokyburgh",
                      "zipcode": "90566-7771"
                    },
                    "phone": "010-692-6593 x09125"
                  },
                  {
                    "id": 300,
                    "name": "Clementine Bauch",
                    "username": "Samantha",
                    "email": "Nathan@yesenia.net",
                    "address": {
                      "street": "Douglas Extension",
                      "suite": "Suite 847",
                      "city": "McKenziehaven",
                      "zipcode": "59590-4157"
                    },
                    "phone": "1-463-123-4447"
                  },
                  {
                    "id": 400,
                    "name": "Patricia Lebsack",
                    "username": "Karianne",
                    "email": "Julianne.OConner@kory.org",
                    "address": {
                      "street": "Hoeger Mall",
                      "suite": "Apt. 692",
                      "city": "South Elvis",
                      "zipcode": "53919-4257"
                    },
                    "phone": "493-170-9623 x156"
                  }
                ]
  }
  